20.1,P1 OP 010-020,30.1,30.2,40.1,40.2,50.1,50.2,60,70.1,80.1,80.2,90,SV 39105,110.1,120.6,130,140,150.1,160.1,170,190,P2 OP030-040,P3 OP050-060,P4 OP070-080,P5 OP110-120,P6 OP150-160,120.7,120.8,20.2,110.2,150.2,160.2,20.3,50.3,50.4,70.2,80.3,30.3,40.3
90.608749,41.580083,75.569702,75.041068,86.361889,87.571412,84.218876,80.294033,62.300479,76.398587,89.369237,84.575097,96.0951,13.072736,76.90345,38.449731,91.768913,73.905426,85.354491,64.166887,96.91097,59.085148,63.047029,60.69834,51.360894,53.502984,39.866779,74.073087,31.423439,85.838374,64.496008,80.56076,76.132449,88.062954,79.602858,75.908397,73.465543,88.070206,74.832744,87.716477
90.938073,44.646397,77.847524,85.672324,91.833782,85.465618,85.151206,78.429568,55.489352,74.208348,82.116611,81.711385,98.732038,26.133406,65.689731,38.278137,73.091682,71.768172,75.601467,68.469172,95.364413,66.073028,63.558611,61.545771,53.749075,53.104925,41.807605,75.027934,33.201381,88.587068,57.366262,73.781226,62.225719,87.856477,78.326843,76.261347,71.281575,80.543533,77.779829,88.163845
93.821839,40.385416,81.323366,82.710635,90.396977,87.421454,89.653478,87.372412,66.58791,84.454062,96.119236,95.086544,95.972618,16.451278,86.885412,43.403041,96.811307,85.218182,80.410469,85.994972,97.00644,87.810345,64.257845,67.427768,49.550451,66.281354,45.67618,76.92238,34.15299,89.008054,84.596528,85.249165,84.989831,89.021141,84.994933,79.262826,86.014541,95.145368,83.965538,84.138745
81.940198,35.493068,86.682862,81.876734,72.334983,84.421817,76.633836,77.813949,67.27166,73.12659,83.683755,84.047743,93.003376,42.509209,71.813946,33.402466,85.663781,64.790523,84.213707,67.654342,99.213014,61.400479,66.082569,59.270678,53.99505,54.598633,41.878559,65.052457,34.826005,77.741594,63.388157,82.182256,59.810585,69.812156,75.399997,69.00197,72.896396,80.775014,77.3122,71.937261
88.815328,42.900398,74.459132,72.993475,80.651853,82.959079,76.380612,70.59955,56.380591,67.529334,71.251559,69.684583,83.563711,20.501517,76.431346,39.891771,81.547401,75.447755,74.566342,69.825215,84.488544,62.622559,60.402019,53.962401,47.001605,60.426859,44.34633,73.169774,43.120887,89.798994,72.606173,74.548812,61.075205,84.742699,69.934498,70.994959,68.189461,73.194382,69.897044,85.200907
83.807593,65.200909,83.48718,87.323623,83.490426,83.226538,84.994759,85.426971,73.071242,82.83923,88.736856,88.787373,97.632368,52.756798,78.496868,57.644165,90.390619,76.45324,94.412147,72.165005,97.642972,70.147264,69.297074,71.670344,65.542808,72.9429,63.61238,74.838629,56.965982,78.572419,72.407046,91.014323,85.557084,82.826995,83.224793,80.979576,80.182862,87.334399,86.80998,87.310188
88.321,63.341377,50.597404,51.657878,70.076414,62.380289,52.651303,44.000881,38.206698,57.626888,58.991272,62.968361,70.305051,83.975367,61.450907,32.492305,76.778694,61.605573,86.13046,58.020471,91.204064,55.460116,50.117014,53.561477,29.40417,65.705841,45.699708,56.295678,34.176356,54.215038,46.299787,81.791613,74.887948,42.74594,37.930002,30.972335,61.845994,37.626214,61.32797,53.613793
87.029817,43.701038,79.515216,79.339297,87.185169,83.911772,84.606738,80.469387,54.051112,76.034596,75.096845,83.998333,94.975262,34.447963,83.171231,31.871819,79.196886,72.59336,75.390477,60.952915,95.886106,47.683163,62.427866,56.145484,43.742027,44.769882,38.23732,58.415283,21.99129,82.252924,83.386243,73.588785,60.096386,77.41602,74.647202,68.725069,73.907127,79.055632,78.709883,78.263765
87.179491,43.275068,80.69314,71.367197,71.083914,67.904754,71.504935,73.664797,60.441651,74.593159,84.648456,80.941191,96.222178,27.057571,91.627327,33.324459,74.623876,67.413194,76.075637,68.146587,94.877427,52.85885,57.671729,53.298252,44.887454,46.572715,44.701783,57.486975,26.03486,82.411773,96.748317,79.194133,59.996784,81.551125,68.393411,65.314016,72.05025,83.924837,64.933558,68.291798
85.025399,42.547341,78.98729,74.520613,80.666799,77.03557,88.519471,79.772638,69.216963,74.748043,90.669815,85.385432,97.111796,24.94507,88.45578,48.929224,89.579959,77.921323,75.683924,72.334652,97.456554,52.899788,59.415605,66.979719,45.502604,62.014315,42.115428,76.87233,34.543441,81.427389,83.017177,83.694729,71.64184,73.151533,73.463714,67.228394,74.975219,88.382209,72.569954,73.284351
71.991982,33.694785,66.170088,72.942946,74.080214,59.764943,74.681506,66.933183,51.085239,67.371102,68.009985,61.903805,97.782706,53.812303,70.034425,40.867934,76.071999,67.621077,77.745154,66.387432,97.143806,55.777961,53.068873,52.559064,36.984047,51.719167,46.532476,67.243623,42.204478,66.813917,67.098161,70.052434,63.39558,53.384211,50.693076,45.493722,69.949521,64.101454,65.738711,56.804195
84.50554,44.260062,81.923036,74.115924,84.916556,85.2571,84.343083,84.005301,62.110594,80.480176,85.206516,88.694215,98.417311,33.050969,71.556202,36.537058,94.498161,66.944789,89.569592,60.739469,96.288923,45.473082,60.479021,63.548042,48.498668,48.779348,40.534106,61.863309,26.236637,81.202138,57.366626,86.43959,68.465598,76.765098,78.098736,74.141526,82.178742,90.269402,76.467764,79.656889
79.976379,36.130755,80.461929,73.320782,78.289656,79.405462,80.462153,77.533479,67.280648,74.818011,84.880027,86.52444,99.954923,31.882807,75.306934,37.662248,90.910904,74.312703,81.685762,56.749863,98.439091,66.855831,56.563108,63.314104,49.335195,52.238019,38.909448,64.100041,36.619963,80.306314,66.083584,82.132223,69.195983,75.352912,75.335759,63.920853,72.729546,85.137238,70.591003,80.266609
83.337235,39.844368,76.262057,78.868586,84.735192,84.945127,80.412004,80.725074,60.549537,76.789327,85.529517,82.355751,99.60675,41.977882,81.387499,44.206917,84.247235,77.477953,81.415268,71.780365,99.96662,59.786157,58.406309,57.634124,44.308079,55.648759,42.757376,70.899682,30.000232,88.279495,73.747438,82.024802,71.605772,86.648178,74.939532,68.442175,74.206783,82.472385,79.78323,78.992986
82.906947,44.003552,79.366119,73.998488,74.385746,79.302348,82.929822,72.964138,58.490467,62.044304,69.206032,67.547536,95.049039,38.921444,85.522939,36.550965,79.237031,78.53116,67.766777,66.194639,98.779418,71.879225,61.238758,59.441367,37.616896,48.567259,38.58618,58.207728,30.9595,79.674932,91.273005,65.132512,53.020153,70.50995,66.545857,58.26167,60.763273,64.43647,72.565498,78.374219
61.4172,40.27651,49.185988,43.420498,51.593428,52.000142,55.13743,43.64967,32.698794,52.680148,59.103343,56.968149,92.956227,51.649747,70.351654,32.161332,87.673091,65.181054,74.038538,71.630113,91.482269,45.213117,38.098455,45.953019,42.803151,48.878676,38.512209,55.347406,24.748412,63.920534,57.850718,79.338434,44.819809,59.836986,40.763348,32.455997,49.959486,49.927657,37.322216,47.653007
87.821864,47.625719,84.838203,83.014159,85.282633,90.201549,81.277814,78.219934,70.00509,88.909897,93.236221,91.710779,98.298639,30.881341,81.236248,39.360481,73.261051,72.762391,74.433133,77.024163,93.009341,52.581721,65.303744,63.75286,58.498386,51.826662,42.693001,70.526088,33.994552,85.414539,78.087826,74.673706,61.414968,84.078943,78.042022,76.631917,87.340366,93.067242,73.683234,79.106807
91.186424,40.468777,82.570873,83.019185,87.817486,86.296991,81.950555,80.383756,62.026101,76.592745,84.612979,85.788275,98.843805,24.644572,79.811523,44.369547,89.79098,74.958949,84.238435,78.396133,99.369087,73.960903,64.422051,57.372287,44.239185,58.368564,44.408875,67.618302,36.712464,87.837414,78.122684,84.179776,62.45453,85.711349,75.197548,71.506299,72.380931,78.828218,78.608734,79.559896
81.298281,37.7273,66.890728,69.450767,75.572502,77.517601,71.283899,76.368262,46.892595,76.322386,84.123135,87.109637,99.916403,55.555078,72.078414,42.802234,82.566949,68.549491,83.138538,82.624136,96.057188,68.571834,52.938246,50.36656,50.741743,64.638796,50.833229,69.359282,47.281635,81.065435,71.217223,83.801999,67.807121,75.340537,66.998293,62.955142,78.386855,84.067188,66.48713,69.380689
88.045453,40.680714,72.586774,71.549599,84.989978,78.612949,85.602936,83.455679,64.51966,76.153609,82.457521,90.820269,99.888889,55.753321,82.2679,41.121678,92.537176,87.340877,79.685332,75.178677,99.972592,65.138,59.70365,63.208967,47.356854,63.187245,45.038483,73.633095,31.270845,86.066269,74.828411,82.004582,65.948442,81.526099,75.803927,69.563716,77.995358,84.668313,70.175143,85.755177
79.705331,41.988623,74.323646,74.602266,74.896551,77.040957,76.43656,73.530517,71.066599,74.022705,81.751144,77.948275,96.407688,29.418221,83.449198,46.818401,95.109593,88.90001,84.239669,77.878223,99.98641,67.308531,58.029742,66.845006,48.158204,65.102929,49.400531,74.369922,35.156099,72.890495,76.101238,88.31698,69.360091,69.743522,73.119556,66.775205,68.649257,75.274509,68.884699,69.380124
84.137616,71.727987,87.34922,83.599006,93.832241,92.810707,80.360403,80.101584,51.042187,87.271287,91.128992,93.359496,81.552127,15.91333,69.577181,32.443402,94.347674,62.041815,69.290917,58.604151,95.359991,54.493347,77.727509,67.336016,67.135785,44.050817,37.949723,49.65028,24.562651,81.231868,65.751821,69.791273,52.271683,84.282832,78.970798,75.121405,86.523405,93.429038,89.573524,90.483299
80.775304,33.176109,77.126053,71.171218,85.146197,84.359505,66.591551,60.483716,59.104617,62.542383,70.40661,59.239713,87.479244,13.703427,84.789278,42.57007,94.629426,82.851067,84.820472,82.286775,97.4493,68.326363,67.385832,41.628215,37.829976,59.521847,42.236809,72.145134,30.369133,79.736949,79.869075,86.784347,63.241075,66.159422,60.983739,58.331795,54.255613,67.403526,61.815438,84.452991
89.361122,53.470616,87.513098,82.738586,91.848036,89.653606,90.472208,88.292493,75.483685,78.17323,86.251666,84.995132,97.607845,24.978791,79.575214,51.308903,91.970586,92.689552,83.388978,78.692813,97.69281,65.687322,69.918312,64.665044,53.513123,60.662042,48.214139,78.398708,41.903652,86.503279,75.872548,80.820257,75.357854,79.782684,77.256569,70.467359,75.03595,80.202613,82.93464,83.835001
83.867016,38.612415,74.523858,72.768943,75.304862,70.977314,81.737456,75.075343,52.840836,64.079768,91.863907,88.896417,98.214926,30.767123,53.09903,27.387268,95.785952,58.407586,91.102953,82.295632,66.613962,32.395708,56.7621,49.802964,35.507737,37.348185,58.456731,77.299057,19.798112,79.488564,47.132553,92.439586,84.286042,70.829437,67.821904,43.045639,61.008762,89.853396,67.185541,72.976151
79.077545,33.543222,62.818718,61.940193,65.717742,66.624032,75.978395,70.131766,46.883678,61.853618,100,97.112258,97.995282,8.104451,63.996643,29.516396,99.231834,66.733039,87.728593,77.831559,96.366745,43.189556,47.685152,46.904387,32.447154,44.894201,35.215113,54.247256,22.377025,68.059212,54.776054,92.565163,38.848611,62.114385,66.310354,32.100187,62.62294,96.291951,55.478464,55.638269
73.199322,31.188566,62.405719,53.178078,64.72256,63.50813,74.55269,67.19604,42.78917,53.524535,99.861113,88.734709,98.500665,7.957931,83.713151,48.547199,97.73768,80.519612,89.402196,83.646129,97.077346,44.425548,51.545567,43.366504,29.984384,63.029371,54.423358,71.555594,37.589862,65.832052,75.757713,90.460424,66.948839,40.355844,56.412066,21.690075,51.60763,92.708607,48.920221,60.314315
88.321773,40.746799,79.037143,84.095998,87.150025,84.489484,88.698323,87.086532,68.592887,82.281324,97.374156,94.787711,88.51127,20.797854,84.365066,32.361294,85.083008,70.508991,84.637329,68.919178,94.042534,57.546589,60.987695,63.858835,50.471645,49.096066,44.602355,54.572225,25.361178,87.82111,70.6654,86.548357,51.551867,83.658626,85.680178,77.128328,80.044341,95.935717,81.763107,77.964416
87.720634,43.539167,83.30238,78.094857,88.732073,85.825196,83.088283,82.235231,63.375938,80.170292,88.275863,90.907575,99.393793,21.541175,78.317074,46.733547,98.476546,71.635053,75.228665,74.480324,94.799087,58.554992,63.593607,56.52893,53.309688,61.075346,44.124241,71.500507,32.784281,89.790897,77.199406,76.368253,80.382355,83.333377,80.040884,72.009882,81.205455,88.96734,82.103001,88.575227
90.578336,49.521043,80.287365,75.190922,87.110995,79.414849,81.431178,79.380508,57.22016,73.713686,83.329839,83.439233,97.118793,44.594748,75.280755,38.37023,92.268655,72.360834,81.887387,57.978259,99.638475,57.25496,60.437499,50.768666,51.304507,56.800235,40.889898,73.197237,29.821132,90.006441,66.808498,81.389852,76.414806,85.172387,70.056903,73.800371,73.878573,80.498088,72.468675,81.813514
84.555585,50.880757,79.158523,74.799073,87.900352,85.599707,83.570287,81.988595,66.735327,70.186322,80.441214,82.137278,99.875817,79.79423,78.959209,41.80401,90.998382,77.892188,86.54479,74.078489,97.401963,60.205943,73.535984,62.452694,58.222299,61.560522,52.02949,70.54089,41.364334,86.049038,78.251642,81.333355,83.906892,81.39846,82.921562,77.192839,80.454305,79.060518,74.828478,84.086655
85.680715,46.996209,58.559032,80.316543,89.307669,87.633363,83.13471,82.432236,61.607401,79.254812,86.535507,89.945961,98.213764,22.700379,86.148566,49.262878,96.660585,84.676448,89.349677,82.233768,99.99336,57.432514,59.524037,58.921536,56.162723,69.320241,54.343079,76.389495,37.378239,84.69415,80.37436,91.142745,77.147237,75.831783,73.620068,70.203423,76.38501,84.83201,77.488884,84.040353
67.653207,32.390237,60.636821,59.190976,68.043518,65.793143,72.967429,69.40542,60.665283,68.666798,79.799113,81.830474,100,26.219248,84.236999,45.859736,86.784368,86.69777,85.018019,76.330154,97.893796,73.973966,47.532817,54.233665,41.499825,64.395572,49.974074,76.034425,40.524769,65.107846,81.803908,80.016422,73.364502,66.459341,68.446231,57.923459,68.192951,77.786028,57.440472,65.801093
90.412484,46.574958,88.584961,82.701646,90.319563,91.589191,85.825843,85.825612,63.777165,72.703222,81.733432,83.026508,97.848757,33.335737,76.190424,40.078431,79.840697,74.605802,71.597887,75.681078,97.750824,76.255539,73.707925,58.715788,46.139715,61.418539,42.866905,77.863901,36.272983,88.781769,69.536763,75.43504,58.514174,82.882329,81.972476,73.059718,73.926905,80.769915,78.990547,91.409824
87.013086,53.189571,80.993398,91.351281,89.745061,92.604545,91.102968,85.004952,71.478673,84.687956,93.300674,92.421588,98.192815,37.183188,85.375857,49.08512,96.403565,79.720548,86.258205,81.47227,94.715162,63.762943,64.579963,61.405384,51.400446,63.284437,50.030678,74.998365,32.983792,88.531091,83.33829,89.375453,77.823606,88.254926,84.735354,74.27296,84.210827,93.321805,88.56533,87.593097
85.423302,44.106577,81.031138,81.367752,83.949421,83.632459,74.047517,74.107942,56.343349,72.333469,76.606348,77.570376,97.856219,47.733899,82.431481,40.823865,90.786164,80.411102,81.337896,82.75826,99.199721,46.781356,59.882602,47.916817,43.495378,58.376019,47.40393,68.018178,34.475865,82.593236,76.416815,79.224114,75.413542,82.07853,70.54263,61.116235,67.851465,73.956064,71.335119,85.03113
74.913418,41.124308,66.36273,62.735311,67.526188,65.634019,83.261464,78.542537,60.634038,55.965751,68.349704,69.83826,99.375819,52.709238,59.36766,63.861066,94.816999,54.668404,86.759821,83.888924,86.720605,64.830079,50.483704,57.406955,32.798065,65.225551,37.732128,84.24841,41.898655,69.02616,52.286013,92.217337,76.498383,67.393792,73.571928,64.64048,61.191218,61.720605,62.998402,59.287592
69.736901,31.011497,65.881418,63.162338,64.704826,63.886963,68.502449,66.672016,45.554235,61.899807,68.669484,67.39944,95.480979,27.377378,89.375581,38.866027,87.005691,81.915159,78.13719,75.759415,99.993623,53.102844,48.677177,50.609157,36.660665,55.909035,44.399008,66.230571,33.091485,73.842852,91.890148,73.684187,73.229944,60.747754,59.328644,54.663782,59.705001,67.761451,61.166241,65.236855
86.384872,38.362844,80.967987,79.335557,80.652897,77.042368,81.508317,83.327867,60.967344,75.916281,80.975921,81.257428,99.776849,39.828194,75.060247,36.31782,87.349835,78.414183,80.601565,71.649816,96.220451,63.677749,59.094689,56.554714,47.176474,56.911458,46.400841,71.998922,36.034672,86.148119,67.776922,79.67807,75.002628,82.329388,76.389027,70.16355,73.501886,80.686368,75.920727,79.859824
86.366754,40.378122,72.667693,73.49393,87.529802,85.361943,86.824769,81.103571,63.353311,75.908663,88.664611,84.198227,99.990374,33.726342,83.636486,51.224585,91.404493,88.929248,85.68213,82.136919,97.92217,68.922493,61.158118,61.14205,47.433555,56.731527,49.14512,74.209968,40.651635,85.306587,83.054965,84.997952,81.251786,81.243303,76.67511,77.254147,76.40009,85.984131,72.265423,86.141105
84.827696,36.741615,79.203785,77.965161,80.23338,77.58289,82.54658,77.682051,61.404897,72.331904,78.380973,82.398642,100,44.770258,78.246747,45.221343,83.463965,77.805889,76.251604,65.868844,95.978813,66.046223,56.957266,56.540188,41.791057,58.102717,47.475327,80.444387,38.606029,77.834476,69.521715,72.948079,66.316935,76.81225,73.032956,66.223708,72.819338,78.942767,70.486186,74.993949
84.749107,38.913085,75.348684,75.610468,89.990014,90.312856,87.126871,87.739037,66.164056,74.183792,88.762554,86.494342,99.351632,37.719421,68.764593,34.251604,73.821393,75.114246,71.45196,61.395841,88.845558,51.308923,62.252934,65.680193,49.443208,50.81814,37.082138,86.241541,31.999649,80.959772,62.101831,69.894768,64.529956,82.670555,82.998253,72.759499,74.635984,84.689216,73.547816,87.506454
91.112248,61.507704,64.274581,64.223814,63.494627,63.133916,84.238651,84.516373,77.699337,80.308145,84.912216,85.412186,72.343481,44.600018,77.714036,42.963978,85.877588,83.607814,77.959764,68.940414,96.297753,50.507921,70.530357,73.344587,65.414608,62.73905,45.606355,81.082404,41.315683,89.024487,68.076023,75.288107,65.565526,86.588258,83.712787,77.729401,79.84279,83.939626,63.185366,63.023346
85.969572,43.0311,84.158587,85.160737,87.408039,87.594524,87.442886,83.294234,64.090108,78.778386,93.023391,95.245441,95.866127,18.061673,76.413513,35.428386,80.029003,81.769374,91.255567,60.167315,99.306887,62.887502,61.348891,59.660332,46.986715,54.552127,41.604681,65.447266,33.178239,87.184851,70.537982,85.740662,77.483829,85.916836,78.942949,76.014865,77.469698,96.547633,78.853847,80.708128
87.973046,41.030868,78.040458,70.172298,80.977478,89.815651,82.064787,85.234404,60.753999,76.469677,89.778779,86.505449,97.579203,25.526038,77.777787,40.819827,78.939544,81.53485,80.155636,72.135383,97.951471,57.423417,60.583342,62.230145,49.412378,56.627309,39.156124,74.87837,36.211776,88.429666,77.612035,78.780274,60.628678,83.023775,78.561171,68.324488,74.602178,89.611648,76.455328,85.426805
89.292446,50.35613,84.877384,83.512989,85.060439,85.287531,84.944384,82.682939,70.000026,72.844659,87.529378,87.877411,99.746731,47.736647,80.903519,46.757831,91.034278,82.941155,81.014612,76.398653,96.718945,60.253122,73.56196,65.078319,62.604436,62.325034,46.610858,73.875747,39.295454,90.115967,79.872497,77.124123,73.465634,89.31206,82.431268,65.398723,76.828469,83.153601,77.423106,86.682927
86.238468,43.697489,82.818521,72.273247,82.274952,79.276702,91.653815,87.972788,76.024061,76.214614,87.113978,84.805914,95.421675,20.729485,80.960763,42.463631,84.562367,86.415013,84.059811,78.286755,99.627304,62.549942,61.533672,63.465986,47.843605,63.357775,45.256074,75.225999,33.970888,85.371095,73.831725,81.08523,72.790074,84.163451,84.314897,80.192842,75.830279,89.027821,72.299474,78.130778
82.521892,52.721528,85.861911,82.10056,81.903733,85.801208,84.003281,83.052116,67.03628,85.537904,83.426812,94.331762,99.621882,44.401447,84.092268,45.188118,88.251395,86.69513,84.491608,77.861391,99.133031,69.765524,64.670543,60.658981,53.357516,63.903859,45.593643,74.732408,35.27493,83.771904,76.685626,84.739242,71.504651,80.874298,79.305504,80.593279,82.93356,93.753022,74.171247,81.39969
79.30888,46.245239,80.721606,69.126513,79.384406,77.685108,79.575181,74.931461,58.782872,69.284307,77.375892,76.915127,96.309702,10.174133,66.178255,46.534538,78.18235,67.706146,66.18641,59.757031,84.792289,49.744123,53.640785,55.929847,45.472291,61.495146,34.583442,65.614512,29.42509,79.118402,68.375869,62.249853,57.330159,73.56855,68.488638,64.568799,67.40038,71.034394,70.895982,74.537219
88.48878,43.368384,85.058496,85.161404,90.649808,91.464479,86.960477,83.839552,60.298528,83.545906,90.213457,88.360398,98.80321,15.008201,85.282224,42.08908,87.18172,81.367558,79.645286,74.644511,95.489255,62.095646,64.580101,64.944771,50.763144,60.246762,40.165446,77.372378,38.991645,90.021245,79.930404,72.75432,64.433154,85.475988,82.84328,83.890732,81.456887,89.469709,82.866048,91.96062
88.282825,45.549655,79.938151,81.1391,92.977201,93.057274,91.897152,89.642279,67.552678,80.539496,95.660127,92.506649,99.011448,32.026939,87.261422,59.181946,83.475504,82.456073,85.383943,77.648677,96.982061,63.382766,66.436695,66.010302,57.771709,67.101725,50.992409,75.122538,41.405123,88.959288,81.232294,83.64868,78.982288,81.049251,86.686449,80.066959,82.684885,95.189605,81.171781,87.371006
89.582521,56.613552,91.556611,90.065188,92.537357,93.688718,76.451874,72.626723,58.687952,84.571758,88.962919,80.979364,94.63278,34.95058,75.896206,51.304112,71.791353,74.587121,80.382012,76.611968,89.161338,48.037258,72.370018,65.379044,53.867651,65.07734,49.674294,76.003998,50.645618,90.6579,68.214906,79.320736,68.676948,83.973162,70.026832,63.99749,84.492414,90.238905,87.986121,93.566557
87.018045,46.497817,92.076786,85.493156,85.775652,83.122551,89.345908,86.663352,67.053209,82.794779,91.949904,95.126427,97.294596,33.727728,59.897278,32.849844,87.291123,62.728879,65.507463,55.382885,93.717727,68.141155,66.035311,62.008381,53.528845,50.588324,34.477356,60.008837,31.214219,83.678967,56.174264,58.952209,55.279433,85.163177,78.429618,71.553388,81.479483,93.698421,82.038035,84.139782
69.911701,35.444297,66.842407,67.195094,80.482343,78.906671,68.776066,66.894915,48.895979,77.910067,88.749966,87.843109,76.498541,22.90076,70.164256,34.698718,84.607874,71.320074,77.443059,64.969617,91.235096,46.184903,67.011834,57.522233,59.076472,52.203098,46.103102,65.991994,29.879683,65.642052,70.204669,75.923735,63.76331,56.702602,72.817426,55.800541,75.367598,77.104902,63.184974,71.992772
80.890582,41.769713,74.34814,73.306871,89.449388,83.681417,87.174868,84.152015,54.121799,75.606286,80.474519,60.870989,95.958957,16.629333,76.910214,42.083479,82.132138,79.000058,81.645455,72.475555,99.996732,48.984448,68.457161,60.431792,46.241095,63.393922,46.006683,69.681483,42.335156,82.199117,71.399867,78.937635,70.10256,82.707341,84.624075,78.191238,79.467368,78.96214,74.306949,86.019403
75.406709,34.33001,71.560626,64.798995,76.101684,77.241493,94.517367,92.218899,51.818279,68.033316,77.393458,75.908683,98.716222,11.446238,88.486687,45.61139,95.288649,90.306415,86.728725,83.495891,99.988944,68.850029,57.168081,52.853646,46.025285,69.063045,48.187422,78.617459,34.3846,78.102014,87.095569,91.613072,79.8365,63.206142,100,91.744296,64.506351,76.059895,64.934231,70.843442
85.400559,41.536127,78.872638,79.615084,78.926998,83.119913,88.620835,84.222095,64.038955,78.811941,91.717256,90.467251,100,40.35991,81.638495,41.258199,93.467941,84.98923,81.710236,75.176436,98.673233,50.582994,62.762676,58.618999,47.971865,62.489319,44.862321,74.36909,35.735956,84.199914,76.744999,82.742666,76.200525,79.979266,78.285793,69.983446,80.87889,84.115891,76.416184,82.340568
62.492071,33.912363,66.597383,66.324786,79.982078,80.624315,64.643749,62.599447,42.927716,62.083662,69.203994,69.85827,98.228038,39.076851,66.435797,37.927075,74.025002,78.566607,74.507168,61.753549,82.488813,57.181627,58.78239,49.283228,45.00321,50.027159,33.779782,60.485985,55.885658,62.278323,64.899291,69.704374,61.249146,62.135826,57.96738,55.818191,61.731546,68.119337,64.131975,77.316988
81.982009,44.102868,77.171535,75.566955,84.983503,82.872568,82.673124,82.604627,70.669919,78.995268,87.596382,87.12755,98.553919,36.325506,80.563703,47.014669,79.588206,69.696029,85.789179,52.593093,96.447707,60.797354,65.233554,61.021176,57.014667,62.516309,45.086413,69.460751,37.774446,77.955873,69.457431,80.042436,67.166565,70.534296,77.624023,72.70092,74.472261,86.318634,71.802271,78.653587
88.394846,38.58286,79.95905,84.695056,86.711336,86.442448,87.102182,87.918612,59.273139,79.349113,87.494047,87.750925,99.358266,40.400238,81.148757,41.846787,88.580166,87.089089,87.862,82.971109,99.67352,73.509767,63.290574,57.787072,44.978857,64.358555,48.231607,76.708448,29.708701,86.684814,78.370207,85.598181,80.136701,75.992781,81.384019,69.618528,77.148804,87.613574,78.271212,79.914683
87.677415,43.09327,87.332701,84.503285,86.433242,86.516672,88.90116,85.015578,67.277783,79.599884,90.213293,91.304003,100,39.289343,77.232978,42.131306,94.374142,85.103167,85.692363,78.421704,99.523236,53.25486,66.205847,63.284958,49.796016,61.089423,48.271017,72.500947,35.176972,86.319458,76.00971,86.208766,83.776728,80.317036,82.730559,79.086705,81.363919,88.855037,79.059112,83.037544
86.374388,37.304395,86.22439,80.818184,77.547905,88.48107,84.458147,85.45193,60.827449,83.31369,93.036538,92.146321,98.603243,19.230257,74.76353,39.244578,84.724993,81.416174,77.125247,71.541934,93.106889,47.015273,64.922141,59.946167,50.241928,60.189206,41.460741,70.075249,34.542749,78.903017,71.890291,74.808008,74.864291,79.914871,86.835198,79.476816,81.535433,92.232439,80.269862,86.036268
82.041631,39.215257,75.446547,77.335469,87.751755,84.248571,81.570839,75.506938,62.549387,74.832506,83.599995,89.112685,98.983659,16.114902,85.049918,42.856333,90.423953,89.475797,78.834922,80.306831,99.174117,66.863854,66.796238,61.729453,49.012567,63.497001,47.468092,74.37025,34.284925,80.718704,83.626116,84.08143,77.20429,78.484734,80.503364,72.620655,72.38036,85.605496,71.565714,87.634187
86.631384,41.303699,87.589216,83.628729,85.700568,86.498481,88.436596,81.392772,58.900248,84.824126,91.294103,92.239973,97.970565,45.382617,81.154364,43.978434,89.591644,81.806579,82.490199,80.956476,95.607096,60.888367,66.341129,57.670387,55.237942,63.978132,46.538124,81.447023,39.506756,85.545164,78.35588,84.279039,77.325349,87.181155,80.339254,75.363319,79.297697,88.51606,72.602933,74.931645
86.281989,40.060778,80.646674,83.276339,83.500087,86.612618,85.207821,81.754977,54.622433,71.799705,83.809137,79.521711,99.379433,40.388362,78.637719,41.702847,87.623854,77.31051,82.970786,65.638637,95.880319,54.768149,64.707162,53.041741,39.487313,57.775034,42.715052,72.488647,38.598257,81.72837,66.125753,86.973741,76.570417,81.683207,72.97269,64.787023,69.981562,78.503116,79.805692,85.544058
90.330557,39.117792,81.005301,85.60882,90.259701,91.263376,87.441357,83.937206,58.387236,72.599388,81.971784,89.47296,100,40.696225,86.102679,45.066816,94.581481,89.362893,88.550682,80.481407,98.960855,57.047051,64.923846,58.647006,51.53712,63.485969,49.768095,77.666788,37.804561,88.773242,84.780648,88.791997,79.527732,88.677425,81.734175,76.891573,75.644439,85.26598,81.840949,91.970218
91.32188,51.87246,89.070255,86.114374,86.455869,85.946066,86.127422,82.552265,66.45582,76.316966,82.594743,84.501611,97.011434,52.223138,87.924829,53.374124,82.398679,89.312072,76.217272,85.828408,98.996731,44.39859,69.324413,64.669904,51.965605,68.611077,42.691088,75.656795,52.339802,88.263055,87.452595,83.30717,65.316965,84.094743,79.995059,78.774488,77.434596,81.611095,84.147033,88.004893
78.918373,46.531214,78.328116,67.053807,74.625105,79.893718,82.41836,76.104664,52.318781,69.846494,78.730457,77.786025,100,40.304126,76.287419,38.793727,80.269684,90.959883,81.127509,75.959118,99.541706,47.880587,56.920533,52.501778,40.586802,56.605974,40.609581,67.170032,32.968568,76.142239,66.306456,78.076693,59.417044,70.529529,70.962526,61.393932,65.717427,78.446146,73.67945,75.697135
86.948152,44.856493,89.303539,83.8476,88.550091,87.227598,85.261066,82.712473,59.780315,82.255701,92.797579,91.211617,97.967209,47.916923,77.277555,41.986694,86.0266,83.191272,85.762133,78.879874,99.063232,54.912246,61.390897,59.53918,50.3214,63.533923,47.629328,74.137927,43.262669,83.243756,77.827258,85.51187,73.42849,74.752091,80.867831,74.398371,80.286115,89.527665,82.789688,81.812577
86.090057,34.860237,93.991799,91.439957,91.258128,86.293377,75.043541,66.437303,49.420323,71.16297,81.893945,76.413264,92.848419,21.331813,73.669335,45.970951,83.753672,82.840151,79.771703,73.981214,92.584802,63.473232,54.313555,44.909745,43.098238,59.718212,42.401752,76.453088,32.585059,65.833151,70.460397,79.186237,69.929088,51.910578,63.982446,66.41369,65.804675,76.530824,92.533572,73.015215
82.823346,37.171625,77.320037,72.314923,74.833056,81.084542,74.252561,74.437932,49.981603,63.22346,72.131143,73.100748,98.462416,43.058678,57.099831,27.518441,57.6005,51.124707,45.405014,46.291298,99.968485,32.339711,58.202986,47.397661,44.751366,38.496588,26.034835,46.547455,27.379342,70.33979,45.362593,47.376089,43.115957,63.876647,63.32753,55.017034,55.316667,63.576,73.191989,86.483434
85.803935,58.488605,83.129106,81.171602,87.428109,78.232049,88.25002,86.936282,70.140941,84.867661,93.576789,94.282689,99.887255,47.199398,84.07822,49.058862,92.500009,84.830074,86.883997,87.367652,99.990196,80.259834,62.120948,64.6896,53.774553,71.227141,58.071943,78.812097,42.550541,75.207549,80.573545,89.485317,83.361129,74.681394,78.929751,80.006573,85.0474,94.709085,78.026132,81.880707
64.338918,59.128772,63.248565,64.887602,65.711786,66.420161,67.192191,65.068957,46.939979,62.307474,71.97855,71.276835,80.209081,31.307794,84.8689,44.466669,95.849818,91.614192,84.697805,83.790531,99.99685,60.364286,47.353189,56.427024,40.152612,66.544417,47.315148,74.469628,34.143472,60.516945,82.597953,86.193275,79.952912,63.047819,63.163418,61.119866,58.474478,65.948215,57.496055,57.758417
89.424819,45.07021,86.253248,81.769586,86.995078,84.65684,89.805539,91.236809,69.297297,86.931392,95.710778,97.112739,99.527775,21.928909,78.05533,41.496668,84.097955,85.967246,81.460693,71.841371,99.735293,70.289042,67.107789,65.696516,56.692742,63.424438,45.504614,73.817102,47.940768,86.606191,70.683136,80.143984,76.498262,84.816964,88.575138,89.950974,87.133965,96.004893,82.615998,90.872539
87.42089,38.779328,74.581536,77.349087,84.896616,87.508492,83.514986,81.091925,57.201534,70.519242,83.166367,87.661422,98.57221,32.374587,77.578425,43.958485,87.660448,87.283478,79.58429,71.399381,99.37811,59.869057,61.830811,55.695956,50.900967,56.779424,39.684925,71.299199,40.060859,82.335123,71.784276,76.337601,71.841158,78.907926,82.467153,75.840589,71.149422,85.089139,78.259931,88.504355
86.803876,47.151811,85.9902,86.032622,91.305529,87.76629,85.119274,81.581663,72.473764,76.441133,85.836568,79.941135,95.554155,37.891251,63.473792,35.388797,88.95422,67.47703,66.950872,61.267971,77.566946,41.839961,68.442728,60.916697,50.493458,51.709216,39.318674,62.901876,39.159988,85.90347,59.285817,57.875666,52.153527,78.147744,77.98685,76.076727,73.003211,80.106137,82.181383,85.555541
81.247906,41.80782,80.148175,77.33261,80.935165,82.164589,80.652045,76.377564,57.604804,75.342571,78.973488,74.310893,96.057873,34.995656,82.818198,41.015463,90.515389,92.31172,84.208663,79.691301,97.886127,63.552533,57.988926,51.867944,46.924417,64.260473,43.790345,74.736703,36.853659,76.946888,77.65361,80.468957,74.520397,73.449694,72.255015,65.009991,70.708461,79.425257,70.858698,80.951954
85.00647,47.482494,71.580085,68.982822,93.969678,93.059259,88.342086,86.814027,67.01621,75.800747,90.406509,86.421678,99.848689,58.047371,92.715356,35.559461,69.782319,69.73578,69.999,62.472351,96.920799,62.189138,65.523975,67.381506,49.268096,50.314969,37.929396,57.036908,46.140445,84.142254,76.563581,65.041157,56.105661,83.97674,80.96359,66.84624,72.107742,85.093374,68.040184,93.016596
89.752646,40.501047,86.077515,86.705113,90.129749,90.324689,90.327315,88.047775,64.184702,85.363097,96.474918,97.081984,99.888838,23.441857,78.841781,41.15777,83.564322,86.224792,85.92551,71.811857,99.993639,86.062688,63.88878,64.659848,49.952948,63.33471,43.955492,70.922864,40.535216,85.271872,72.349723,81.59915,75.314504,82.513231,85.756629,82.833602,85.217981,93.968467,84.129822,84.533719
85.859971,43.01743,79.354767,83.708456,90.975206,76.749352,87.101236,85.954895,64.617986,82.371178,92.746224,89.657847,97.238715,29.110338,84.329839,45.024592,91.118655,89.582051,85.367517,80.060272,99.032171,73.380911,60.736882,63.251268,50.714197,69.018512,47.625017,75.886993,42.38795,82.350766,82.764657,83.340762,80.517632,77.595574,83.381494,83.628214,79.812737,90.594788,78.9598,91.054997
90.210783,56.748389,92.720589,89.397052,85.560685,86.135832,90.941174,84.472216,74.211142,78.550991,87.116213,89.557192,88.11928,49.119237,86.067214,53.267071,82.001362,76.730762,83.557197,78.408479,89.341661,73.201351,71.427648,65.549187,62.816992,66.85837,53.502546,73.836601,44.017166,83.382345,85.506527,86.207513,70.160099,86.416664,79.148675,76.531029,80.955593,86.993462,88.867652,88.848039
79.921967,40.857883,89.708802,83.642034,88.877352,83.10559,85.821963,81.013438,66.968496,76.717091,84.849739,83.647552,99.308455,40.096864,72.733452,37.36452,84.594356,81.559486,84.054577,82.77922,99.355526,50.321502,60.797485,56.181121,45.431226,58.391796,39.057041,62.942112,30.890232,81.60298,76.166186,83.373845,51.587879,78.825281,78.35444,69.266551,69.482794,78.984831,80.024644,81.214619
91.099634,46.768458,85.060989,77.12465,83.484179,81.767642,88.540723,85.476926,67.609452,81.651518,92.207942,93.827447,99.769342,44.764596,77.069378,41.62904,82.934878,94.700702,76.921209,73.918125,97.571611,54.125286,63.180708,60.699208,52.412084,60.633986,40.635713,73.307859,42.898031,83.209539,70.186215,75.017841,53.769384,86.423867,84.652937,75.673128,82.36826,88.639668,80.689699,83.160034
83.699344,46.945799,77.158509,73.187894,83.508158,82.687905,86.147057,80.769599,63.660111,74.638937,87.192822,85.325167,96.439544,35.045281,65.813731,37.509845,49.194886,74.562011,57.470672,58.490189,97.423204,44.189567,60.74689,70.54741,49.171508,63.271254,36.475449,56.753379,49.418348,80.514702,59.56373,68.142139,51.681339,78.815363,81.656861,66.547404,73.591549,83.040458,73.54906,85.333349
81.229552,33.154247,75.18371,68.047842,70.589184,71.024677,79.101397,81.050458,82.955688,66.056801,74.450674,73.186017,99.00816,39.309782,64.369502,35.429035,62.502745,65.040418,67.130565,62.553567,89.75153,47.698811,52.818553,50.772313,41.293583,52.91992,33.97002,60.441004,58.52573,69.80524,56.001501,63.808476,49.337821,59.414497,72.601024,44.870309,63.234874,69.18598,66.515993,69.487092
86.635729,43.01341,83.152419,78.928793,78.367142,81.354193,90.323934,84.645967,72.102123,81.958452,94.150527,95.256983,98.320278,41.369253,84.790813,46.182881,96.55506,87.656202,89.271053,77.207821,99.979963,71.023416,64.110247,61.086048,50.023576,69.092223,51.441403,77.341941,44.054115,80.431671,84.322897,90.132747,84.067982,73.412295,83.456119,80.159912,83.495512,94.423662,82.726351,82.282548
70.883968,36.375863,77.297365,74.910131,85.781045,76.107843,74.658545,68.158498,66.869218,69.390546,73.882349,78.861096,90.530155,26.430195,62.238318,58.303652,66.994909,65.272679,66.828696,66.972019,83.619184,38.483274,61.949144,54.730961,41.642125,68.390289,33.916292,86.771178,36.43758,76.709154,54.661494,64.779156,53.344509,75.967315,68.382408,56.867664,66.019606,77.187897,69.164882,77.006551
83.598144,38.593559,86.740284,82.683123,79.70439,86.438002,82.771354,78.460939,61.14411,70.356411,81.637365,77.908642,97.460801,32.869756,84.819904,46.145452,84.801855,79.502149,89.535792,70.75901,99.058829,55.685346,66.070453,58.853166,48.665399,60.879593,46.573846,70.473804,45.457098,76.960922,72.672598,86.273046,70.941263,66.028005,73.523052,68.143978,71.511613,75.764848,80.318753,81.00665
88.808822,49.872535,86.862753,89.57352,91.071893,85.148673,87.075165,85.846391,63.69769,86.230393,96.294112,96.241829,97.263069,26.914969,77.093138,49.228758,84.540854,87.857846,85.424808,68.794121,96.843139,50.867252,68.22714,61.656865,62.03259,69.947703,43.315332,67.468942,47.165039,88.256536,73.851366,70.290839,64.37417,87.189525,79.950976,77.316997,86.41338,93.866001,84.522864,92.316993
91.323486,42.715971,90.749768,77.820445,92.076003,93.494256,89.487401,86.813924,70.875485,77.126272,95.000706,96.856847,99.462219,28.574046,76.510539,37.305588,79.464616,88.672598,73.635168,71.736504,98.23163,88.859563,63.38134,62.20243,46.730694,64.110261,40.466771,64.39025,47.265772,90.202858,67.589906,69.687014,65.969063,77.271103,82.378249,72.820602,81.945971,92.097835,87.125422,90.947232
87.933787,38.720978,91.650298,89.694429,89.042435,78.298942,86.50811,85.568558,61.676337,81.060383,91.854544,92.72547,99.731867,31.915183,70.576265,42.051685,72.033924,84.082932,69.964458,66.454229,97.307212,82.173783,62.589704,59.383788,47.767749,67.848231,35.308551,66.830563,38.356025,86.951146,63.904502,62.463422,56.460591,75.493822,82.240102,73.640438,77.637165,90.143757,85.803859,90.460746
80.308931,42.918362,84.530147,84.734951,91.885255,88.408934,72.205803,67.069482,51.901909,76.658542,80.566992,78.133944,85.765277,27.767812,63.839848,58.745262,71.549231,77.182716,61.685936,54.157262,74.634148,65.187479,67.486774,49.423216,54.401953,70.874284,35.008861,75.592122,43.101538,76.046442,59.236879,57.656062,53.367361,74.332141,71.633942,56.401859,76.503266,80.287518,84.185544,86.159978
88.630609,47.54684,83.067076,84.468808,90.178006,87.339774,84.983544,80.215504,67.586261,77.654996,88.536016,89.841422,100,45.636592,84.568726,48.554339,84.436149,82.815189,74.508328,73.119447,94.431407,48.66798,65.952284,70.103119,54.324828,68.250649,46.800955,75.87231,45.839338,88.434657,82.53605,71.934821,72.732213,79.129209,88.568735,78.991998,78.691311,91.281123,81.476944,89.10954
92.142209,52.317272,91.459202,89.782685,90.981607,87.995114,85.965776,83.565445,69.575158,82.568704,90.635675,88.991897,99.739229,29.333764,81.988663,46.325327,89.094834,89.854641,80.343245,75.929715,99.996732,63.866234,66.88401,58.230363,55.712729,66.023091,47.501957,76.786117,42.85986,87.797465,81.810561,79.575151,75.776153,82.598138,81.01971,78.009836,80.209287,88.300731,86.472244,82.003344
53.305166,26.538535,51.878592,51.161254,52.966841,53.556803,61.798662,73.824914,58.439126,55.991432,64.315002,63.246344,78.00305,28.793982,54.877137,29.902183,62.997561,61.39067,88.912624,52.416872,76.917212,37.713435,75.250145,36.615471,34.093266,45.390513,34.37592,52.544516,22.985489,51.367143,47.820998,86.28397,48.379585,49.418673,74.617854,68.866269,53.98234,57.863023,52.02304,85.355896
83.834809,41.735752,80.635535,76.298877,85.320188,89.452548,82.792806,79.697443,60.803281,69.96738,76.365043,78.327676,98.24655,39.059378,73.073107,40.656824,85.022636,72.947596,83.565617,70.728789,99.304773,67.192388,62.42789,51.845912,39.391566,59.621932,41.595703,70.512811,35.986034,78.407753,66.422326,78.625334,67.792623,78.749255,73.770636,65.776482,68.032855,81.628346,79.001534,82.483574
82.407675,45.167663,70.33954,70.174689,80.425532,75.453756,81.933584,76.841208,70.270974,65.428285,76.274272,77.614553,99.573766,40.210753,76.085645,43.940128,90.693303,85.528259,88.897782,75.726114,98.544232,65.981464,59.211605,58.625986,42.526272,65.590044,45.544067,73.155643,32.745086,74.5535,72.658,85.656684,71.092833,69.668183,76.156595,69.266684,63.109038,74.286962,66.813583,78.921647
82.567066,43.26499,82.183055,81.176553,89.836636,80.230508,86.388975,81.900417,69.916747,74.991984,82.10468,83.459229,98.970592,48.802569,75.905373,46.73391,74.3792,66.063905,71.433156,70.748466,93.48043,71.969078,63.361234,61.418486,48.289611,59.163419,43.970878,74.532785,50.439739,76.612884,74.24509,79.366108,63.354729,65.122756,79.790931,69.063862,72.792608,78.727247,77.284436,81.727208
93.090309,50.260245,92.173691,87.930709,89.602757,86.34403,81.210157,72.278416,77.049817,72.24772,76.144535,71.85546,88.965949,10.667606,72.875626,40.473718,90.635982,69.529588,77.337989,75.390202,95.702121,84.421479,68.131748,53.987836,47.06698,57.604585,40.310354,75.222649,45.711428,90.601956,64.458228,75.668299,58.513119,89.652818,67.65103,56.045815,66.92783,73.433467,83.430751,83.668607
80.243556,38.717557,78.379147,76.817081,80.281147,82.467423,83.233726,80.011516,64.531162,76.737039,84.653686,80.217408,88.336244,12.955432,79.100366,38.701044,83.357247,77.541809,90.103911,68.035871,94.759299,49.427901,58.576985,55.384171,55.024686,59.91026,41.046992,72.392794,40.532036,80.331804,70.060693,81.104905,79.847427,75.44619,80.663486,69.367807,83.601355,80.122627,73.702663,82.070338
